grid,agents,items,completion_mean,completion_std,timesteps_mean,timesteps_std,reward_ratio_mean,reward_ratio_std,mpd_mean,mpd_std
10,8,8,1.0,0.0,12.05,5.142713291638958,0.8795000000000002,0.05142713291638961,4.758811822663915,1.3117119827975303
10,8,4,1.0,0.0,7.77,3.30410350927449,0.8445999999999999,0.06608207018548984,4.892465527498878,1.1659352705281258
10,4,8,1.0,0.0,20.33,6.039958609129702,0.8983500000000001,0.030199793045648536,4.565683091603091,1.587094056696515
20,8,8,0.96,0.19595917942265428,40.82,40.6232396541684,0.5805499999999998,0.4516579983793049,9.508723049915593,2.405091734718764
20,8,4,1.0,0.0,21.39,12.444191416078427,0.5721999999999998,0.2488838283215686,9.620390146073213,2.148736036746131
20,4,8,0.75,0.4330127018922193,111.73,64.8385464056683,0.33384999999999965,0.4968625841216062,9.650736718769991,3.9149932106124563
