grid,agents,items,completion_mean,completion_std,timesteps_mean,timesteps_std,reward_ratio_mean,reward_ratio_std,mpd_mean,mpd_std
10,8,8,1.0,0.0,9.44,3.3862073179296037,0.9056000000000001,0.033862073179296064,6.737480914918416,0.6808424121748788
10,8,4,1.0,0.0,6.42,2.7319590040847976,0.8716000000000002,0.05463918008169599,6.704313992059528,0.6942513982959774
10,4,8,1.0,0.0,20.96,13.06592514902791,0.8952,0.0653296257451396,6.910484980870052,0.9103644078589985
20,8,8,0.65,0.47696960070847283,92.02,82.93647930796193,0.01979999999999939,0.9088506257906196,11.724020549478233,2.328984528306192
20,8,4,0.76,0.4270831300812525,64.37,78.38031066537054,-0.35740000000000083,1.6899713725386012,12.084465975989138,2.0601813905761492
20,4,8,0.21,0.40730823708832603,171.57,57.60316918364823,-0.12035000000000061,0.4450287940122528,8.96192292924034,2.7275559908527223
